cancer,infiltrates,rho,p,adj.p
ACC (n=79),Macrophage M0_CIBERSORT,0.0844471285944646,0.477497237806001,0.610683684793044
ACC (n=79),Macrophage M0_CIBERSORT-ABS,0.0982644075664781,0.408188909759049,0.541843685520861
ACC (n=79),Macrophage M1_CIBERSORT,0.122276535544786,0.302741252031643,0.433519692646745
ACC (n=79),Macrophage M1_CIBERSORT-ABS,0.202654421452112,0.0855258662799059,0.157409569840318
ACC (n=79),Macrophage M1_QUANTISEQ,0.246783828074983,0.035308501127049,0.077313386255664
ACC (n=79),Macrophage M1_XCELL,-0.136319295700046,0.25014895781794,0.374287717433327
ACC (n=79),Macrophage M2_CIBERSORT,-0.0137088109958821,0.908356424487198,0.933003338728012
ACC (n=79),Macrophage M2_CIBERSORT-ABS,0.241050471293322,0.0399380579186489,0.0849745913162742
ACC (n=79),Macrophage M2_QUANTISEQ,0.0183624896180677,0.877456558810458,0.919196234258926
ACC (n=79),Macrophage M2_TIDE,-0.077929399704445,0.512252276150505,0.637658435042123
ACC (n=79),Macrophage M2_XCELL,-0.249592835877862,0.0332092934184936,0.0732557943055007
ACC (n=79),Macrophage_EPIC,-0.0182026273174948,0.878515269067006,0.919196234258926
ACC (n=79),Macrophage_TIMER,0.232314904872581,0.0479524108538911,0.0995551782433726
ACC (n=79),Macrophage_XCELL,-0.0765751326932123,0.519632285789552,0.644172255111015
ACC (n=79),Macrophage/Monocyte_MCPCOUNTER,0.177646855837409,0.132682892842782,0.228763608349624
BLCA (n=408),Macrophage M0_CIBERSORT,0.0338342833867902,0.517611720419313,0.642995925986725
BLCA (n=408),Macrophage M0_CIBERSORT-ABS,0.097828275220255,0.0608221199595478,0.120043657814897
BLCA (n=408),Macrophage M1_CIBERSORT,0.273926001127125,9.32527327974238e-08,6.66090948553027e-07
BLCA (n=408),Macrophage M1_CIBERSORT-ABS,0.309711466378421,1.27117574883437e-09,1.12162566073621e-08
BLCA (n=408),Macrophage M1_QUANTISEQ,0.414718692322383,9.93116182225319e-17,2.83747480635805e-15
BLCA (n=408),Macrophage M1_XCELL,0.137840100390786,0.00809967268821386,0.0226037377345503
BLCA (n=408),Macrophage M2_CIBERSORT,-0.0461230742574444,0.37763975700602,0.509177200457556
BLCA (n=408),Macrophage M2_CIBERSORT-ABS,0.200783757309523,0.000105248833560563,0.000449452300206771
BLCA (n=408),Macrophage M2_QUANTISEQ,0.0546013810184576,0.296183781830436,0.427188146870821
BLCA (n=408),Macrophage M2_TIDE,-0.538365820827224,4.83522840049851e-29,9.67045680099703e-27
BLCA (n=408),Macrophage M2_XCELL,0.010266152200717,0.844395616772389,0.891967200815904
BLCA (n=408),Macrophage_EPIC,0.168567480366789,0.00117062907307561,0.00394594069576047
BLCA (n=408),Macrophage_TIMER,0.02284533552045,0.662245095169626,0.765601266092053
BLCA (n=408),Macrophage_XCELL,0.220414453438462,1.98579005299998e-05,0.000100123868218486
BLCA (n=408),Macrophage/Monocyte_MCPCOUNTER,0.33459665578192,4.46768429483024e-11,4.54340775745448e-10
BRCA (n=1100),Macrophage M0_CIBERSORT,0.0185503286400758,0.559109458442703,0.676342086825851
BRCA (n=1100),Macrophage M0_CIBERSORT-ABS,0.102646418743406,0.0011923511957332,0.00399670791865879
BRCA (n=1100),Macrophage M1_CIBERSORT,0.261649618241106,5.05739892457722e-17,1.51721967737317e-15
BRCA (n=1100),Macrophage M1_CIBERSORT-ABS,0.33152797731559,6.28951536693771e-27,7.54741844032526e-25
BRCA (n=1100),Macrophage M1_QUANTISEQ,0.222393010684144,1.32449486511027e-12,1.8481323699213e-11
BRCA (n=1100),Macrophage M1_XCELL,0.105094894644479,0.000905245363717055,0.00310369838988704
BRCA (n=1100),Macrophage M2_CIBERSORT,-0.109199305478039,0.000563091431055875,0.00197575940721359
BRCA (n=1100),Macrophage M2_CIBERSORT-ABS,0.241981732660977,1.03583615772897e-14,2.14310929185305e-13
BRCA (n=1100),Macrophage M2_QUANTISEQ,-0.00933348033393068,0.768834381739264,0.839109923540575
BRCA (n=1100),Macrophage M2_TIDE,-0.407152756814694,5.60447397360406e-41,3.36268438416244e-38
BRCA (n=1100),Macrophage M2_XCELL,-0.0301433717858667,0.342430894375254,0.473406766417402
BRCA (n=1100),Macrophage_EPIC,0.0809930179668819,0.0106336288339214,0.0283563435571238
BRCA (n=1100),Macrophage_TIMER,0.0942643642281176,0.00293149582879683,0.00892841369176698
BRCA (n=1100),Macrophage_XCELL,0.128651004244639,4.74406756707045e-05,0.000218956964634021
BRCA (n=1100),Macrophage/Monocyte_MCPCOUNTER,0.310455372492267,1.19107864856335e-23,7.94052432375569e-22
BRCA-Basal (n=191),Macrophage M0_CIBERSORT,-0.00772194257307668,0.919449847203174,0.939812450292853
BRCA-Basal (n=191),Macrophage M0_CIBERSORT-ABS,0.154813546111372,0.0413776389783726,0.0874175471374068
BRCA-Basal (n=191),Macrophage M1_CIBERSORT,0.292072238761787,9.20887352681511e-05,0.000400385805513701
BRCA-Basal (n=191),Macrophage M1_CIBERSORT-ABS,0.405040945328988,2.95991232856743e-08,2.21993424642557e-07
BRCA-Basal (n=191),Macrophage M1_QUANTISEQ,0.377548242541156,2.81151625940493e-07,1.87434417293662e-06
BRCA-Basal (n=191),Macrophage M1_XCELL,0.328894687249082,9.37737749005627e-06,4.93546183687172e-05
BRCA-Basal (n=191),Macrophage M2_CIBERSORT,-0.007179076438643,0.92509551974362,0.943975020146551
BRCA-Basal (n=191),Macrophage M2_CIBERSORT-ABS,0.316448730486466,2.09985882039151e-05,0.000104992941019576
BRCA-Basal (n=191),Macrophage M2_QUANTISEQ,0.173087251726435,0.0223722416055954,0.0534794620054074
BRCA-Basal (n=191),Macrophage M2_TIDE,-0.53723494640685,2.12862485581945e-14,4.11991907577958e-13
BRCA-Basal (n=191),Macrophage M2_XCELL,0.0609911296701909,0.424015588058616,0.555478936321331
BRCA-Basal (n=191),Macrophage_EPIC,0.225479305025116,0.00277647913016583,0.00858704885618297
BRCA-Basal (n=191),Macrophage_TIMER,-0.0340265642747434,0.655788548129733,0.762544823406667
BRCA-Basal (n=191),Macrophage_XCELL,0.296620573824088,7.0583596650966e-05,0.000313704874004293
BRCA-Basal (n=191),Macrophage/Monocyte_MCPCOUNTER,0.335459168492507,6.04152796426586e-06,3.35640442459214e-05
BRCA-Her2 (n=82),Macrophage M0_CIBERSORT,-0.0933334935491545,0.435505749932286,0.568050978172546
BRCA-Her2 (n=82),Macrophage M0_CIBERSORT-ABS,0.0435808519289177,0.716233947656967,0.807946386378915
BRCA-Her2 (n=82),Macrophage M1_CIBERSORT,0.412397120028203,0.000318614190330862,0.00120992730505391
BRCA-Her2 (n=82),Macrophage M1_CIBERSORT-ABS,0.313267867718068,0.00737432693972992,0.0208707366218771
BRCA-Her2 (n=82),Macrophage M1_QUANTISEQ,0.277658209783993,0.0182055922707119,0.0446583706950993
BRCA-Her2 (n=82),Macrophage M1_XCELL,0.212092122434981,0.0736836458420191,0.14124660544796
BRCA-Her2 (n=82),Macrophage M2_CIBERSORT,-0.136574345014404,0.252640387510318,0.377075205239281
BRCA-Her2 (n=82),Macrophage M2_CIBERSORT-ABS,0.170181734857259,0.152942129647225,0.257767634236896
BRCA-Her2 (n=82),Macrophage M2_QUANTISEQ,-0.0221655058830488,0.853376855872018,0.898291427233703
BRCA-Her2 (n=82),Macrophage M2_TIDE,-0.513521359329261,3.96846017227757e-06,2.31172437220053e-05
BRCA-Her2 (n=82),Macrophage M2_XCELL,-0.149199094270688,0.210987616336878,0.331394161785673
BRCA-Her2 (n=82),Macrophage_EPIC,0.0412323989499209,0.730927811563718,0.815161128137975
BRCA-Her2 (n=82),Macrophage_TIMER,0.207361856437166,0.0805019438277706,0.151137779378358
BRCA-Her2 (n=82),Macrophage_XCELL,0.156048955428957,0.190540905154196,0.304054635884356
BRCA-Her2 (n=82),Macrophage/Monocyte_MCPCOUNTER,0.360689252346874,0.00185525623577299,0.00585870390244102
BRCA-LumA (n=568),Macrophage M0_CIBERSORT,-0.0352764075493396,0.423473458465915,0.555478936321331
BRCA-LumA (n=568),Macrophage M0_CIBERSORT-ABS,0.0170647285437202,0.698681761215389,0.793956546835669
BRCA-LumA (n=568),Macrophage M1_CIBERSORT,0.22002534216345,4.3538910517155e-07,2.83949416416228e-06
BRCA-LumA (n=568),Macrophage M1_CIBERSORT-ABS,0.303625903968066,1.73555661595382e-12,2.31407548793843e-11
BRCA-LumA (n=568),Macrophage M1_QUANTISEQ,0.164361563092996,0.000174239640790264,0.000716053318316153
BRCA-LumA (n=568),Macrophage M1_XCELL,-0.0556359935544808,0.206608145713948,0.326223387969391
BRCA-LumA (n=568),Macrophage M2_CIBERSORT,-0.0741965176773456,0.0919319944911834,0.166644098775559
BRCA-LumA (n=568),Macrophage M2_CIBERSORT-ABS,0.297362557547714,5.13900810460399e-12,6.16680972552479e-11
BRCA-LumA (n=568),Macrophage M2_QUANTISEQ,0.0951730556789857,0.03048848969354,0.0685134599854831
BRCA-LumA (n=568),Macrophage M2_TIDE,-0.337275230321566,3.2113047659316e-15,7.70713143823584e-14
BRCA-LumA (n=568),Macrophage M2_XCELL,0.0254552986386068,0.563611272765511,0.68041602345937
BRCA-LumA (n=568),Macrophage_EPIC,0.0150209574921038,0.733304170457525,0.816294067299656
BRCA-LumA (n=568),Macrophage_TIMER,0.19980658460306,4.68593277787191e-06,2.67767587306967e-05
BRCA-LumA (n=568),Macrophage_XCELL,0.0509905659465075,0.247128788140146,0.372476777104797
BRCA-LumA (n=568),Macrophage/Monocyte_MCPCOUNTER,0.300416184269055,3.0370827902136e-12,3.71887688597584e-11
BRCA-LumB (n=219),Macrophage M0_CIBERSORT,-0.0663711225503823,0.360365492669889,0.492526869252696
BRCA-LumB (n=219),Macrophage M0_CIBERSORT-ABS,-0.0401882383160337,0.579954007527685,0.694308889770106
BRCA-LumB (n=219),Macrophage M1_CIBERSORT,0.0944518863555258,0.192529455074036,0.306412925847271
BRCA-LumB (n=219),Macrophage M1_CIBERSORT-ABS,0.120205877829313,0.0967591655949877,0.173818860350277
BRCA-LumB (n=219),Macrophage M1_QUANTISEQ,0.137727228763582,0.05677603313486,0.11317481688012
BRCA-LumB (n=219),Macrophage M1_XCELL,-0.0507171485450785,0.484790671749017,0.614827655363952
BRCA-LumB (n=219),Macrophage M2_CIBERSORT,0.0110250784091814,0.879364397441039,0.919196234258926
BRCA-LumB (n=219),Macrophage M2_CIBERSORT-ABS,0.14066964360597,0.0516384620366819,0.104672558182463
BRCA-LumB (n=219),Macrophage M2_QUANTISEQ,0.070897268320497,0.328471784408579,0.457269305441178
BRCA-LumB (n=219),Macrophage M2_TIDE,-0.250612852689778,0.00045483261059033,0.00164397329129035
BRCA-LumB (n=219),Macrophage M2_XCELL,-0.0870785955638101,0.229751172148428,0.353463341766812
BRCA-LumB (n=219),Macrophage_EPIC,-0.092465253431211,0.2020954623891,0.319940045998576
BRCA-LumB (n=219),Macrophage_TIMER,0.227728788414306,0.00148938844728353,0.00483044901821684
BRCA-LumB (n=219),Macrophage_XCELL,-0.00867380716236429,0.904954329218109,0.93294260744135
BRCA-LumB (n=219),Macrophage/Monocyte_MCPCOUNTER,0.142772318558432,0.0482085919183038,0.0997419143137319
CESC (n=306),Macrophage M0_CIBERSORT,-0.151715846789238,0.0114620050662739,0.0301631712270366
CESC (n=306),Macrophage M0_CIBERSORT-ABS,-0.103252771540759,0.086292980752036,0.158335744499149
CESC (n=306),Macrophage M1_CIBERSORT,0.178983716507782,0.00279352066055108,0.00859544818631102
CESC (n=306),Macrophage M1_CIBERSORT-ABS,0.20730204974794,0.000515850861632051,0.00182065009987783
CESC (n=306),Macrophage M1_QUANTISEQ,0.261697799483844,1.01961863312683e-05,5.31974939022692e-05
CESC (n=306),Macrophage M1_XCELL,-0.10652354515366,0.076739270690881,0.146170039411202
CESC (n=306),Macrophage M2_CIBERSORT,-0.157440127584309,0.0086682872905649,0.0236407835197225
CESC (n=306),Macrophage M2_CIBERSORT-ABS,0.0327353310982136,0.587469836046458,0.698877564432606
CESC (n=306),Macrophage M2_QUANTISEQ,0.0133635963716819,0.82476643922307,0.878969562227073
CESC (n=306),Macrophage M2_TIDE,-0.297743273934703,4.46511514029757e-07,2.88071944535327e-06
CESC (n=306),Macrophage M2_XCELL,-0.0562394840808329,0.351069329986382,0.482017386708991
CESC (n=306),Macrophage_EPIC,-0.0260192087957516,0.666351527440937,0.765921295909123
CESC (n=306),Macrophage_TIMER,-0.0661642964499942,0.272459290999233,0.397750789779902
CESC (n=306),Macrophage_XCELL,-0.0405778454639678,0.50121894439976,0.629145118493423
CESC (n=306),Macrophage/Monocyte_MCPCOUNTER,0.181132175675341,0.00247748529845898,0.00770202683458749
CHOL (n=36),Macrophage M0_CIBERSORT,0.141140772568602,0.418667325947465,0.552088781469184
CHOL (n=36),Macrophage M0_CIBERSORT-ABS,0.200057711556591,0.249210711052786,0.373816066579179
CHOL (n=36),Macrophage M1_CIBERSORT,-0.112031965382821,0.521690757150107,0.645390627402194
CHOL (n=36),Macrophage M1_CIBERSORT-ABS,0.0459148001985975,0.793391917086549,0.857720991444918
CHOL (n=36),Macrophage M1_QUANTISEQ,0.111391593378592,0.524088509502566,0.647022851237736
CHOL (n=36),Macrophage M1_XCELL,0.133999261845361,0.442825572701307,0.575098146365334
CHOL (n=36),Macrophage M2_CIBERSORT,-0.253991443643859,0.140931777101684,0.239544097056687
CHOL (n=36),Macrophage M2_CIBERSORT-ABS,0.202277982401301,0.243886783076723,0.371401192502624
CHOL (n=36),Macrophage M2_QUANTISEQ,0.0689170938242212,0.694038793508735,0.790176994507099
CHOL (n=36),Macrophage M2_TIDE,-0.150070720860708,0.389527385717343,0.521688463014299
CHOL (n=36),Macrophage M2_XCELL,-0.426045384157585,0.0107137876646622,0.0284436840654748
CHOL (n=36),Macrophage_EPIC,-0.307056097183284,0.0727779671381147,0.139957629111759
CHOL (n=36),Macrophage_TIMER,0.197098396925707,0.256426380033452,0.380831257475423
CHOL (n=36),Macrophage_XCELL,-0.099770273208306,0.568515915197767,0.684958933973213
CHOL (n=36),Macrophage/Monocyte_MCPCOUNTER,0.301047874561127,0.0788552361575476,0.149725131944711
COAD (n=458),Macrophage M0_CIBERSORT,0.0227299383057726,0.707463432556215,0.800901999120243
COAD (n=458),Macrophage M0_CIBERSORT-ABS,0.174243826548634,0.00374891595330017,0.0113032641808045
COAD (n=458),Macrophage M1_CIBERSORT,0.228832524168904,0.0001289821366689,0.00054118379021916
COAD (n=458),Macrophage M1_CIBERSORT-ABS,0.312377645854139,1.22612184160441e-07,8.65497770544288e-07
COAD (n=458),Macrophage M1_QUANTISEQ,0.213257541144986,0.000368850237743494,0.00134995856639199
COAD (n=458),Macrophage M1_XCELL,0.217435300670083,0.000280262032686368,0.00107793089494757
COAD (n=458),Macrophage M2_CIBERSORT,0.0678184099965808,0.262369071230624,0.388694920341665
COAD (n=458),Macrophage M2_CIBERSORT-ABS,0.249753781292984,2.79676349976712e-05,0.000133179214274625
COAD (n=458),Macrophage M2_QUANTISEQ,0.042212788389066,0.485713847737522,0.614827655363952
COAD (n=458),Macrophage M2_TIDE,-0.271866266652044,2.60283960565355e-08,2.0021843120412e-07
COAD (n=458),Macrophage M2_XCELL,0.129862215444105,0.0313315508585779,0.0701452631162192
COAD (n=458),Macrophage_EPIC,0.227030455198617,0.000146204298920748,0.000609184578836449
COAD (n=458),Macrophage_TIMER,0.139807743908256,0.0203792774038054,0.0493047033963034
COAD (n=458),Macrophage_XCELL,0.236623108200459,7.41710422717597e-05,0.000327225186493057
COAD (n=458),Macrophage/Monocyte_MCPCOUNTER,0.303399941660633,2.90009840262089e-07,1.91215279293685e-06
DLBC (n=48),Macrophage M0_CIBERSORT,-0.269978807782787,0.0878017493183615,0.160612956070174
DLBC (n=48),Macrophage M0_CIBERSORT-ABS,-0.00795457928978862,0.960632620353922,0.967079819148244
DLBC (n=48),Macrophage M1_CIBERSORT,0.37308832161527,0.0162827739798914,0.0408772568532838
DLBC (n=48),Macrophage M1_CIBERSORT-ABS,0.520905087483948,0.000479844229506808,0.00171372939109574
DLBC (n=48),Macrophage M1_QUANTISEQ,0.211054852753084,0.185305351392296,0.297281312394057
DLBC (n=48),Macrophage M1_XCELL,-0.0859767998388653,0.593004980035541,0.703167960516452
DLBC (n=48),Macrophage M2_CIBERSORT,-0.0509208710909485,0.751870010805185,0.824720304356693
DLBC (n=48),Macrophage M2_CIBERSORT-ABS,0.485296363398597,0.00129964113682981,0.00428453122031805
DLBC (n=48),Macrophage M2_QUANTISEQ,0.0898878523932879,0.576231995216357,0.691478394259628
DLBC (n=48),Macrophage M2_TIDE,-0.396746163789726,0.010222286060901,0.0273811233774133
DLBC (n=48),Macrophage M2_XCELL,-0.358623309963715,0.021308375462009,0.0513454830409855
DLBC (n=48),Macrophage_EPIC,0.0640948100783959,0.69053814616837,0.787797015564582
DLBC (n=48),Macrophage_TIMER,-0.252971604132058,0.110534798430391,0.193920699000686
DLBC (n=48),Macrophage_XCELL,0.0195771995423367,0.903302843137056,0.932842867267183
DLBC (n=48),Macrophage/Monocyte_MCPCOUNTER,0.258848900450781,0.10222281043191,0.180925328198071
ESCA (n=185),Macrophage M0_CIBERSORT,0.047655988788633,0.52524650915701,0.647120955840258
ESCA (n=185),Macrophage M0_CIBERSORT-ABS,0.184150185453161,0.0133377110793929,0.0341992591779305
ESCA (n=185),Macrophage M1_CIBERSORT,0.155581256166593,0.0370224804013266,0.0799046339596978
ESCA (n=185),Macrophage M1_CIBERSORT-ABS,0.202426756843583,0.0064264294491122,0.0184490797582169
ESCA (n=185),Macrophage M1_QUANTISEQ,0.467696174520176,3.60368467493526e-11,3.72794966372613e-10
ESCA (n=185),Macrophage M1_XCELL,0.0934627404094089,0.212055993769873,0.332202601206067
ESCA (n=185),Macrophage M2_CIBERSORT,-0.0802065098605976,0.284478965806366,0.411294890322457
ESCA (n=185),Macrophage M2_CIBERSORT-ABS,0.103220209142793,0.167930967424977,0.276183435171227
ESCA (n=185),Macrophage M2_QUANTISEQ,-0.0922434805766457,0.218105316636344,0.338147777730766
ESCA (n=185),Macrophage M2_TIDE,-0.395510553186099,3.90518108862662e-08,2.82302247370599e-07
ESCA (n=185),Macrophage M2_XCELL,0.020948788500129,0.780145004059793,0.847983700064993
ESCA (n=185),Macrophage_EPIC,0.196950391781922,0.00805001453831595,0.0225701342195774
ESCA (n=185),Macrophage_TIMER,-0.0258785190960359,0.730217889450229,0.815161128137975
ESCA (n=185),Macrophage_XCELL,0.0992280248989186,0.185077594633741,0.297281312394057
ESCA (n=185),Macrophage/Monocyte_MCPCOUNTER,0.206756115227607,0.0053568384389478,0.015735120371886
GBM (n=153),Macrophage M0_CIBERSORT,-0.0879739189304771,0.306659246899753,0.437044057339316
GBM (n=153),Macrophage M0_CIBERSORT-ABS,-0.0847562365666129,0.324756802562984,0.454068555145804
GBM (n=153),Macrophage M1_CIBERSORT,-0.0286785340454109,0.739386094842118,0.817001209770296
GBM (n=153),Macrophage M1_CIBERSORT-ABS,0.0231604547678416,0.788207996406471,0.853654869754301
GBM (n=153),Macrophage M1_QUANTISEQ,0.279070190552915,0.000958728220222305,0.00326839165984877
GBM (n=153),Macrophage M1_XCELL,0.149800402862927,0.0806068156684576,0.151137779378358
GBM (n=153),Macrophage M2_CIBERSORT,0.0475751283193678,0.580905104440989,0.694308889770106
GBM (n=153),Macrophage M2_CIBERSORT-ABS,0.168047540439343,0.0496570736258029,0.101686840189357
GBM (n=153),Macrophage M2_QUANTISEQ,0.0273817376624651,0.750774706918431,0.824720304356693
GBM (n=153),Macrophage M2_TIDE,-0.211396015860417,0.0131475729086175,0.0340023437291831
GBM (n=153),Macrophage M2_XCELL,0.0278863978642181,0.746336185025923,0.821926715068021
GBM (n=153),Macrophage_EPIC,0.0593635992409574,0.490776279926502,0.619927932538739
GBM (n=153),Macrophage_TIMER,0.0718181278255221,0.40428938946448,0.537857280884009
GBM (n=153),Macrophage_XCELL,0.0977810249642905,0.255648111460144,0.380617535672671
GBM (n=153),Macrophage/Monocyte_MCPCOUNTER,0.0950371047668544,0.269293518163805,0.396019879652654
HNSC (n=522),Macrophage M0_CIBERSORT,-0.120761433406318,0.00732655141502718,0.0208337954929683
HNSC (n=522),Macrophage M0_CIBERSORT-ABS,-0.0358428426734529,0.427623233002928,0.558984618304481
HNSC (n=522),Macrophage M1_CIBERSORT,0.32422884567236,1.66116809467065e-13,2.62289699158524e-12
HNSC (n=522),Macrophage M1_CIBERSORT-ABS,0.310451201921236,1.87605979028474e-12,2.44703450906706e-11
HNSC (n=522),Macrophage M1_QUANTISEQ,0.36119160657307,1.315846660777e-16,3.43264346289651e-15
HNSC (n=522),Macrophage M1_XCELL,0.0367960546788991,0.415429731678734,0.549026077108459
HNSC (n=522),Macrophage M2_CIBERSORT,-0.0836976899975918,0.063590755606524,0.124281607048581
HNSC (n=522),Macrophage M2_CIBERSORT-ABS,0.0756622808648111,0.0936588169214396,0.16926292214718
HNSC (n=522),Macrophage M2_QUANTISEQ,-0.101869455328462,0.0238394027858137,0.0565361330888863
HNSC (n=522),Macrophage M2_TIDE,-0.468078150486604,3.71088041101513e-28,5.56632061652269e-26
HNSC (n=522),Macrophage M2_XCELL,-0.0381085923571003,0.398979178666752,0.531972238222336
HNSC (n=522),Macrophage_EPIC,0.138538402594837,0.00207015484499508,0.00646923389060963
HNSC (n=522),Macrophage_TIMER,-0.00498725319634509,0.912138204182978,0.933929901893834
HNSC (n=522),Macrophage_XCELL,0.081724937736003,0.0701150869735153,0.135706619948739
HNSC (n=522),Macrophage/Monocyte_MCPCOUNTER,0.278578424402511,3.20841115994956e-10,3.05562967614244e-09
HNSC-HPV- (n=422),Macrophage M0_CIBERSORT,-0.0832466337964898,0.0963906917681521,0.173676922104779
HNSC-HPV- (n=422),Macrophage M0_CIBERSORT-ABS,-0.0136172028319761,0.786003158855291,0.852806320638653
HNSC-HPV- (n=422),Macrophage M1_CIBERSORT,0.330663429297004,1.16612769955363e-11,1.24942253523604e-10
HNSC-HPV- (n=422),Macrophage M1_CIBERSORT-ABS,0.298147730296976,1.17813360246407e-09,1.055045017132e-08
HNSC-HPV- (n=422),Macrophage M1_QUANTISEQ,0.376012916527377,7.0143189815548e-15,1.50306835319031e-13
HNSC-HPV- (n=422),Macrophage M1_XCELL,0.0469474117872752,0.349002291390112,0.480278382646944
HNSC-HPV- (n=422),Macrophage M2_CIBERSORT,-0.0755094290907576,0.13165297371605,0.227642029480201
HNSC-HPV- (n=422),Macrophage M2_CIBERSORT-ABS,0.0591001249015381,0.238265011220818,0.363763375909646
HNSC-HPV- (n=422),Macrophage M2_QUANTISEQ,-0.113763420376055,0.0228735525591731,0.0544608394266025
HNSC-HPV- (n=422),Macrophage M2_TIDE,-0.471075192438417,1.73636515174441e-23,1.04181909104665e-21
HNSC-HPV- (n=422),Macrophage M2_XCELL,-0.0302699135278454,0.546081673084881,0.667309580144458
HNSC-HPV- (n=422),Macrophage_EPIC,0.128389269656153,0.0101582444300642,0.0273315993634014
HNSC-HPV- (n=422),Macrophage_TIMER,0.0353065930803825,0.481344606240697,0.613177842344837
HNSC-HPV- (n=422),Macrophage_XCELL,0.0992417448844,0.0473091108734901,0.0985606476531044
HNSC-HPV- (n=422),Macrophage/Monocyte_MCPCOUNTER,0.273563994893316,2.68878041771123e-08,2.0421117096541e-07
HNSC-HPV+ (n=98),Macrophage M0_CIBERSORT,-0.186909419582569,0.0794537388794856,0.150385625639405
HNSC-HPV+ (n=98),Macrophage M0_CIBERSORT-ABS,-0.096824361905263,0.366711907157995,0.49667526928848
HNSC-HPV+ (n=98),Macrophage M1_CIBERSORT,0.19192349642502,0.0715773924294785,0.13809143233983
HNSC-HPV+ (n=98),Macrophage M1_CIBERSORT-ABS,0.242772307816353,0.0218859559924724,0.0525262943819339
HNSC-HPV+ (n=98),Macrophage M1_QUANTISEQ,0.308464575735333,0.00327169821117538,0.00991423700356176
HNSC-HPV+ (n=98),Macrophage M1_XCELL,-0.00428531965977903,0.968207696722736,0.9730730620329
HNSC-HPV+ (n=98),Macrophage M2_CIBERSORT,-0.07333407080409,0.49462418920529,0.623475868746163
HNSC-HPV+ (n=98),Macrophage M2_CIBERSORT-ABS,0.095154318747901,0.375074162433129,0.506856976260985
HNSC-HPV+ (n=98),Macrophage M2_QUANTISEQ,-0.091808193442186,0.392173719579596,0.52406287694378
HNSC-HPV+ (n=98),Macrophage M2_TIDE,-0.470857152978896,3.2140526637863e-06,1.92843159827178e-05
HNSC-HPV+ (n=98),Macrophage M2_XCELL,-0.115795802660098,0.279869574258793,0.405608078635932
HNSC-HPV+ (n=98),Macrophage_EPIC,0.144168362033933,0.177687942939798,0.289252474250203
HNSC-HPV+ (n=98),Macrophage_TIMER,-0.108458626412323,0.311671761691957,0.442087605236818
HNSC-HPV+ (n=98),Macrophage_XCELL,0.035953431958242,0.738004342111146,0.817001209770296
HNSC-HPV+ (n=98),Macrophage/Monocyte_MCPCOUNTER,0.256106375533654,0.0154142614409779,0.0390234466860201
KICH (n=66),Macrophage M0_CIBERSORT,0.0310964018283207,0.805758005100379,0.866217847528145
KICH (n=66),Macrophage M0_CIBERSORT-ABS,0.0914953941365171,0.468532422151613,0.603260629379759
KICH (n=66),Macrophage M1_CIBERSORT,0.00904087241626852,0.943018146452968,0.95857310660772
KICH (n=66),Macrophage M1_CIBERSORT-ABS,0.153886647139953,0.220987500944391,0.340854757240706
KICH (n=66),Macrophage M1_QUANTISEQ,-0.0614919226834906,0.626538118370048,0.7342243574649
KICH (n=66),Macrophage M1_XCELL,-0.125703401292675,0.318398854845547,0.449504265664301
KICH (n=66),Macrophage M2_CIBERSORT,0.00427352291726167,0.973047911535959,0.974672365478423
KICH (n=66),Macrophage M2_CIBERSORT-ABS,0.296806805436868,0.0163558774638287,0.0408896936595717
KICH (n=66),Macrophage M2_QUANTISEQ,0.190387010031235,0.128737762569486,0.223244674975988
KICH (n=66),Macrophage M2_TIDE,-0.136321181794437,0.278899153410805,0.405180368151291
KICH (n=66),Macrophage M2_XCELL,-0.190513043053815,0.128480134152289,0.223244674975988
KICH (n=66),Macrophage_EPIC,-0.0147478119740647,0.907177113047659,0.933003338728012
KICH (n=66),Macrophage_TIMER,0.44159773326636,0.000231042312329776,0.000924169249319106
KICH (n=66),Macrophage_XCELL,0.0459294832978231,0.716379129255971,0.807946386378915
KICH (n=66),Macrophage/Monocyte_MCPCOUNTER,0.167811220679346,0.181489327599732,0.294307017729295
KIRC (n=533),Macrophage M0_CIBERSORT,-0.0665197835362073,0.153884926855771,0.258630129169363
KIRC (n=533),Macrophage M0_CIBERSORT-ABS,-0.0516550223315877,0.268376795337121,0.395641467327451
KIRC (n=533),Macrophage M1_CIBERSORT,0.145080564079132,0.00178960601678383,0.00568128894217089
KIRC (n=533),Macrophage M1_CIBERSORT-ABS,0.342411484414052,3.97809840558967e-14,7.23290619198122e-13
KIRC (n=533),Macrophage M1_QUANTISEQ,0.116434980772603,0.0123601338626481,0.0322032905829736
KIRC (n=533),Macrophage M1_XCELL,0.129450050884395,0.00537616612706104,0.015735120371886
KIRC (n=533),Macrophage M2_CIBERSORT,0.0539636994390137,0.247539302294865,0.372476777104797
KIRC (n=533),Macrophage M2_CIBERSORT-ABS,0.330509273294676,3.27137699951933e-13,5.0328876915682e-12
KIRC (n=533),Macrophage M2_QUANTISEQ,0.254314786825059,3.07982329754502e-08,2.28135059077409e-07
KIRC (n=533),Macrophage M2_TIDE,-0.322175725717248,1.35570043033111e-12,1.84868240499697e-11
KIRC (n=533),Macrophage M2_XCELL,-0.0287865969926118,0.537548588598132,0.659568820365807
KIRC (n=533),Macrophage_EPIC,0.133863787883234,0.00398503535874745,0.0119551060762424
KIRC (n=533),Macrophage_TIMER,0.329192425796047,4.10731594091488e-13,6.16097391137232e-12
KIRC (n=533),Macrophage_XCELL,0.170140738230655,0.000242597108269855,0.000957620164223112
KIRC (n=533),Macrophage/Monocyte_MCPCOUNTER,0.349409083597939,1.10428510343802e-14,2.20857020687605e-13
KIRP (n=290),Macrophage M0_CIBERSORT,-0.101691170320015,0.103165350546455,0.182056500964333
KIRP (n=290),Macrophage M0_CIBERSORT-ABS,-0.0475806090549463,0.446670336125355,0.578838448542577
KIRP (n=290),Macrophage M1_CIBERSORT,0.0841377039254458,0.177890271663875,0.289252474250203
KIRP (n=290),Macrophage M1_CIBERSORT-ABS,0.245310953014965,6.8291817795332e-05,0.000305784258785069
KIRP (n=290),Macrophage M1_QUANTISEQ,0.195805569898706,0.00157509373503787,0.00505377668996107
KIRP (n=290),Macrophage M1_XCELL,-0.132769530703025,0.0330327486499669,0.0731352368633953
KIRP (n=290),Macrophage M2_CIBERSORT,-0.145746129197157,0.0191713610360112,0.0465701077797843
KIRP (n=290),Macrophage M2_CIBERSORT-ABS,0.277373548016816,6.10556435725931e-06,3.36086111408769e-05
KIRP (n=290),Macrophage M2_QUANTISEQ,0.0539390543732195,0.388241503444525,0.521129534824866
KIRP (n=290),Macrophage M2_TIDE,-0.529544508415618,4.73805619035605e-20,2.03059551015259e-18
KIRP (n=290),Macrophage M2_XCELL,-0.354359785326325,4.76077978569977e-09,3.80862382855982e-08
KIRP (n=290),Macrophage_EPIC,-0.0867279642189645,0.164859714274287,0.273248145206
KIRP (n=290),Macrophage_TIMER,0.173777125008089,0.00512535236942064,0.0151488247372039
KIRP (n=290),Macrophage_XCELL,-0.136433796084231,0.0284470540267987,0.0646523955154515
KIRP (n=290),Macrophage/Monocyte_MCPCOUNTER,0.128498347033585,0.039157787350265,0.0836109338439822
LGG (n=516),Macrophage M0_CIBERSORT,-0.0446323725854697,0.330186936612677,0.45856482997287
LGG (n=516),Macrophage M0_CIBERSORT-ABS,-0.0452536371705902,0.323493016853662,0.454068555145804
LGG (n=516),Macrophage M1_CIBERSORT,-0.00038907232979807,0.993230749368838,0.993230749368838
LGG (n=516),Macrophage M1_CIBERSORT-ABS,0.026833654433503,0.558386880867132,0.676342086825851
LGG (n=516),Macrophage M1_QUANTISEQ,-0.0445638248821141,0.330930952297088,0.45856482997287
LGG (n=516),Macrophage M1_XCELL,-0.305071495099548,9.39241335804957e-12,1.04977732906607e-10
LGG (n=516),Macrophage M2_CIBERSORT,-0.272127102527607,1.46189406904137e-09,1.21824505753447e-08
LGG (n=516),Macrophage M2_CIBERSORT-ABS,-0.110971310278315,0.0152100706715821,0.0386696711989376
LGG (n=516),Macrophage M2_QUANTISEQ,-0.155272187852242,0.000657912322921328,0.00229504298693486
LGG (n=516),Macrophage M2_TIDE,0.017446164976405,0.70360436802179,0.798038980743052
LGG (n=516),Macrophage M2_XCELL,0.124235997022884,0.00653550371344226,0.0186728677526922
LGG (n=516),Macrophage_EPIC,-0.181889704122319,6.34246158193548e-05,0.000286126086403105
LGG (n=516),Macrophage_TIMER,0.120837692418838,0.00817681330122787,0.0227133702811885
LGG (n=516),Macrophage_XCELL,-0.207959985447609,4.5400803879992e-06,2.61927714692262e-05
LGG (n=516),Macrophage/Monocyte_MCPCOUNTER,-0.0320895516870616,0.483974753125533,0.614827655363952
LIHC (n=371),Macrophage M0_CIBERSORT,0.11279972405874,0.0362380517148764,0.0787783732932095
LIHC (n=371),Macrophage M0_CIBERSORT-ABS,0.225733282086962,2.31266839058277e-05,0.000114677771433856
LIHC (n=371),Macrophage M1_CIBERSORT,0.0592948609943582,0.272063602767455,0.397750789779902
LIHC (n=371),Macrophage M1_CIBERSORT-ABS,0.32382747898873,7.28546158152807e-10,6.72504145987206e-09
LIHC (n=371),Macrophage M1_QUANTISEQ,0.323284162638614,7.80546662812375e-10,7.09587875283977e-09
LIHC (n=371),Macrophage M1_XCELL,0.051058755943461,0.344378515521123,0.475004848994653
LIHC (n=371),Macrophage M2_CIBERSORT,0.0830974580451809,0.123431070459745,0.215286750801882
LIHC (n=371),Macrophage M2_CIBERSORT-ABS,0.487550429745576,5.32199823598948e-22,2.68471795828868e-20
LIHC (n=371),Macrophage M2_QUANTISEQ,0.425878010936316,1.24030073684084e-16,3.3826383732023e-15
LIHC (n=371),Macrophage M2_TIDE,-0.335403668432184,1.6226635193434e-10,1.59606247804269e-09
LIHC (n=371),Macrophage M2_XCELL,-0.225427960453704,2.37387159589334e-05,0.000115680868634516
LIHC (n=371),Macrophage_EPIC,-0.314954782381408,2.20809339680354e-09,1.81487128504401e-08
LIHC (n=371),Macrophage_TIMER,0.383435887996469,1.581271586423e-13,2.56422419419946e-12
LIHC (n=371),Macrophage_XCELL,-0.0788254140305293,0.143994117788606,0.24405782676035
LIHC (n=371),Macrophage/Monocyte_MCPCOUNTER,0.393672562217986,3.09090224516285e-14,5.79544170968035e-13
LUAD (n=515),Macrophage M0_CIBERSORT,-0.164587395211239,0.000242345817672601,0.000957620164223112
LUAD (n=515),Macrophage M0_CIBERSORT-ABS,-0.0887598260879338,0.0488757173139486,0.100774674874121
LUAD (n=515),Macrophage M1_CIBERSORT,0.0904112918297052,0.044805971593585,0.0939985418047239
LUAD (n=515),Macrophage M1_CIBERSORT-ABS,0.174212690039528,0.000101031221118692,0.000436105990440399
LUAD (n=515),Macrophage M1_QUANTISEQ,0.502208591413896,7.3304457389492e-33,2.19913372168476e-30
LUAD (n=515),Macrophage M1_XCELL,0.0556913337189826,0.217065998162541,0.337408287299286
LUAD (n=515),Macrophage M2_CIBERSORT,0.210264525785784,2.48289912547078e-06,1.5201423217168e-05
LUAD (n=515),Macrophage M2_CIBERSORT-ABS,0.313394775435272,1.07146733297409e-12,1.53066761853442e-11
LUAD (n=515),Macrophage M2_QUANTISEQ,0.328000886714387,7.89757380018119e-14,1.35386979431678e-12
LUAD (n=515),Macrophage M2_TIDE,-0.0805148869150498,0.0740857922216464,0.14156520806684
LUAD (n=515),Macrophage M2_XCELL,0.166487017082559,0.000204676131848359,0.000829768102087944
LUAD (n=515),Macrophage_EPIC,0.185085457644977,3.55092734828327e-05,0.000167760347162989
LUAD (n=515),Macrophage_TIMER,0.10023361782458,0.0260473401253905,0.060024213548085
LUAD (n=515),Macrophage_XCELL,0.162419130890366,0.000293230810998684,0.00112062730317968
LUAD (n=515),Macrophage/Monocyte_MCPCOUNTER,0.0499638923739155,0.268184131268808,0.395641467327451
LUSC (n=501),Macrophage M0_CIBERSORT,-0.0773476407420438,0.0915275435765521,0.166413715593731
LUSC (n=501),Macrophage M0_CIBERSORT-ABS,0.0571540748736889,0.212761659346026,0.332440092728166
LUSC (n=501),Macrophage M1_CIBERSORT,0.125976786055457,0.00586670608482287,0.0170874934509404
LUSC (n=501),Macrophage M1_CIBERSORT-ABS,0.249293467041057,3.43431512258482e-08,2.51291350433035e-07
LUSC (n=501),Macrophage M1_QUANTISEQ,0.347083408402738,5.97606052777157e-15,1.37909089102421e-13
LUSC (n=501),Macrophage M1_XCELL,0.125294203808122,0.00614218946846163,0.017717854235947
LUSC (n=501),Macrophage M2_CIBERSORT,-0.0134705331087957,0.769184096578861,0.839109923540575
LUSC (n=501),Macrophage M2_CIBERSORT-ABS,0.220716958798848,1.12706502315705e-06,7.11830540941297e-06
LUSC (n=501),Macrophage M2_QUANTISEQ,0.0473316031212868,0.302257742291694,0.433519692646745
LUSC (n=501),Macrophage M2_TIDE,-0.421771090894346,5.36943591657736e-22,2.68471795828868e-20
LUSC (n=501),Macrophage M2_XCELL,0.0853279007693654,0.062589390933593,0.122724295948221
LUSC (n=501),Macrophage_EPIC,0.210782001480421,3.421527436749e-06,2.03259055648455e-05
LUSC (n=501),Macrophage_TIMER,-0.0268414331292377,0.558686889896923,0.676342086825851
LUSC (n=501),Macrophage_XCELL,0.162519583801649,0.000365399901049665,0.00134995856639199
LUSC (n=501),Macrophage/Monocyte_MCPCOUNTER,0.273014010911655,1.33919474854065e-09,1.13171387200619e-08
MESO (n=87),Macrophage M0_CIBERSORT,-0.256903796234633,0.0176227959322241,0.0436928824765887
MESO (n=87),Macrophage M0_CIBERSORT-ABS,-0.255580614968655,0.0182355013671656,0.0446583706950993
MESO (n=87),Macrophage M1_CIBERSORT,0.137625012605272,0.20910164515319,0.329293929375103
MESO (n=87),Macrophage M1_CIBERSORT-ABS,0.152310330210384,0.164051418703256,0.272742752668216
MESO (n=87),Macrophage M1_QUANTISEQ,0.126751863831362,0.24769705677469,0.372476777104797
MESO (n=87),Macrophage M1_XCELL,-0.0487939123735794,0.657432184174394,0.762977389757517
MESO (n=87),Macrophage M2_CIBERSORT,-0.231630917993753,0.0329236982076214,0.0731352368633953
MESO (n=87),Macrophage M2_CIBERSORT-ABS,0.00550682193074351,0.96010722119329,0.967079819148244
MESO (n=87),Macrophage M2_QUANTISEQ,0.34171784705596,0.00137061013398563,0.00449380371798566
MESO (n=87),Macrophage M2_TIDE,-0.228495910334574,0.035435302033846,0.077313386255664
MESO (n=87),Macrophage M2_XCELL,0.229366183535634,0.034722497818614,0.0763131820189319
MESO (n=87),Macrophage_EPIC,0.0237199695318226,0.829393379895001,0.881625932287523
MESO (n=87),Macrophage_TIMER,0.0997286318535303,0.363822521854405,0.49499662837334
MESO (n=87),Macrophage_XCELL,0.0206164296872502,0.851441366594781,0.897829209063038
MESO (n=87),Macrophage/Monocyte_MCPCOUNTER,0.00770644342912328,0.944194510008604,0.95857310660772
OV (n=303),Macrophage M0_CIBERSORT,-0.0034687950246551,0.956567556092358,0.966229854638745
OV (n=303),Macrophage M0_CIBERSORT-ABS,0.0276146985895634,0.664547903673617,0.765921295909123
OV (n=303),Macrophage M1_CIBERSORT,0.00829622884000341,0.896364039897709,0.930481702315961
OV (n=303),Macrophage M1_CIBERSORT-ABS,0.0626907825673463,0.324508293604749,0.454068555145804
OV (n=303),Macrophage M1_QUANTISEQ,0.210388628979589,0.000835853995553956,0.00288225515708261
OV (n=303),Macrophage M1_XCELL,0.166963679305853,0.00829201932572866,0.0229272423752866
OV (n=303),Macrophage M2_CIBERSORT,0.0425545569473523,0.503863199121624,0.63072411837769
OV (n=303),Macrophage M2_CIBERSORT-ABS,0.137495584881525,0.030079744576105,0.0681050820591056
OV (n=303),Macrophage M2_QUANTISEQ,0.111187657963514,0.0799257503047196,0.150803302461735
OV (n=303),Macrophage M2_TIDE,-0.275165516346893,1.05524540888375e-05,5.45816590801939e-05
OV (n=303),Macrophage M2_XCELL,0.093811234092174,0.139910360407348,0.238483568876161
OV (n=303),Macrophage_EPIC,0.103989478613458,0.10160727766208,0.180367948512569
OV (n=303),Macrophage_TIMER,-0.00777687870910413,0.902818677628366,0.932842867267183
OV (n=303),Macrophage_XCELL,0.162686500089227,0.0101292455627982,0.0273315993634014
OV (n=303),Macrophage/Monocyte_MCPCOUNTER,0.156811073083154,0.0132368930411323,0.0340864198484093
PAAD (n=179),Macrophage M0_CIBERSORT,-0.0455468366485987,0.554158155817643,0.675802629045906
PAAD (n=179),Macrophage M0_CIBERSORT-ABS,0.054572967819682,0.478368886421218,0.610683684793044
PAAD (n=179),Macrophage M1_CIBERSORT,0.146222818428344,0.0563451060034206,0.113067102348001
PAAD (n=179),Macrophage M1_CIBERSORT-ABS,0.269547086987115,0.000363647497457361,0.00134995856639199
PAAD (n=179),Macrophage M1_QUANTISEQ,0.4428142690765,1.32298352637768e-09,1.13171387200619e-08
PAAD (n=179),Macrophage M1_XCELL,-0.0187219394131706,0.807969178890143,0.866217847528145
PAAD (n=179),Macrophage M2_CIBERSORT,-0.016211700219619,0.833313032334306,0.883370705654741
PAAD (n=179),Macrophage M2_CIBERSORT-ABS,0.352765819283198,2.22091531694022e-06,1.3737620517156e-05
PAAD (n=179),Macrophage M2_QUANTISEQ,0.171727062109923,0.0247128157775484,0.0579206619786291
PAAD (n=179),Macrophage M2_TIDE,-0.333430598708046,8.33517785284095e-06,4.42575815195095e-05
PAAD (n=179),Macrophage M2_XCELL,-0.0271445220840987,0.72452170757354,0.812504285941874
PAAD (n=179),Macrophage_EPIC,0.193300271242087,0.0113050136781057,0.0298810934223058
PAAD (n=179),Macrophage_TIMER,0.307544218007182,4.2807275335212e-05,0.000199103606210288
PAAD (n=179),Macrophage_XCELL,0.0889269369441906,0.247421754564737,0.372476777104797
PAAD (n=179),Macrophage/Monocyte_MCPCOUNTER,0.324649173227973,1.47674302578983e-05,7.50886284299916e-05
PCPG (n=181),Macrophage M0_CIBERSORT,-0.134949521227699,0.082070564247252,0.153402923826639
PCPG (n=181),Macrophage M0_CIBERSORT-ABS,-0.133909274099189,0.0844787195794091,0.156926414079398
PCPG (n=181),Macrophage M1_CIBERSORT,-0.0156996315961414,0.840407305246132,0.889319899731357
PCPG (n=181),Macrophage M1_CIBERSORT-ABS,0.0369062170814317,0.635847521628328,0.743681311845998
PCPG (n=181),Macrophage M1_QUANTISEQ,0.133686218732172,0.0850023938402322,0.156927496320429
PCPG (n=181),Macrophage M1_XCELL,-0.0435866467776755,0.575957760200896,0.691478394259628
PCPG (n=181),Macrophage M2_CIBERSORT,-0.027335777792386,0.725837162108074,0.812504285941874
PCPG (n=181),Macrophage M2_CIBERSORT-ABS,0.160104960875524,0.0387507415367143,0.0830373032929592
PCPG (n=181),Macrophage M2_QUANTISEQ,0.320022300259197,2.48727930101987e-05,0.000119389406448954
PCPG (n=181),Macrophage M2_TIDE,-0.0794521120983286,0.307420174624127,0.437090295674114
PCPG (n=181),Macrophage M2_XCELL,0.147794352405325,0.0566424760843481,0.11317481688012
PCPG (n=181),Macrophage_EPIC,-0.00432900094739761,0.955721730772312,0.966229854638745
PCPG (n=181),Macrophage_TIMER,0.288162495726798,0.000159154037595497,0.000658568431429641
PCPG (n=181),Macrophage_XCELL,0.0966321296200858,0.214128703896627,0.333707071007731
PCPG (n=181),Macrophage/Monocyte_MCPCOUNTER,0.0854215559319584,0.27237654283367,0.397750789779902
PRAD (n=498),Macrophage M0_CIBERSORT,0.040225725908899,0.413180428410915,0.54725884557737
PRAD (n=498),Macrophage M0_CIBERSORT-ABS,0.13463408241912,0.00595449476468046,0.0172594051150158
PRAD (n=498),Macrophage M1_CIBERSORT,0.163255572412465,0.0008311601780644,0.00288225515708261
PRAD (n=498),Macrophage M1_CIBERSORT-ABS,0.325930473981297,9.44799596159463e-12,1.04977732906607e-10
PRAD (n=498),Macrophage M1_QUANTISEQ,0.191206163880692,8.69507021132172e-05,0.000380805994656426
PRAD (n=498),Macrophage M1_XCELL,-0.00179749686052785,0.970842534336104,0.974089499333884
PRAD (n=498),Macrophage M2_CIBERSORT,-0.0582123324780277,0.236122008968782,0.361411238217523
PRAD (n=498),Macrophage M2_CIBERSORT-ABS,0.291833339878338,1.30394118853181e-09,1.13171387200619e-08
PRAD (n=498),Macrophage M2_QUANTISEQ,0.312272919208741,7.33847564720545e-11,7.33847564720545e-10
PRAD (n=498),Macrophage M2_TIDE,-0.478507341799694,3.41727737113595e-25,2.9290948895451e-23
PRAD (n=498),Macrophage M2_XCELL,-0.0216593530913546,0.659583503041962,0.76399633556984
PRAD (n=498),Macrophage_EPIC,0.218993607901857,6.54394482245842e-06,3.56942444861368e-05
PRAD (n=498),Macrophage_TIMER,0.357162585057751,5.82342553855036e-14,1.02766333033242e-12
PRAD (n=498),Macrophage_XCELL,0.155072912127642,0.00151093625851272,0.00487398793068619
PRAD (n=498),Macrophage/Monocyte_MCPCOUNTER,0.15896883266106,0.00114074624219838,0.00386693641423181
READ (n=166),Macrophage M0_CIBERSORT,-0.226595814913256,0.031741860283336,0.0707996883643182
READ (n=166),Macrophage M0_CIBERSORT-ABS,-0.0175890646750139,0.869302347202039,0.913452553977624
READ (n=166),Macrophage M1_CIBERSORT,0.157816795952508,0.137390251711713,0.235526145791508
READ (n=166),Macrophage M1_CIBERSORT-ABS,0.197151490317094,0.062529291065185,0.122724295948221
READ (n=166),Macrophage M1_QUANTISEQ,0.157239777537115,0.138852012682798,0.237353867833842
READ (n=166),Macrophage M1_XCELL,0.0308249805233907,0.773031200293059,0.841776261662133
READ (n=166),Macrophage M2_CIBERSORT,0.026971217598093,0.80077777589818,0.863193962783293
READ (n=166),Macrophage M2_CIBERSORT-ABS,0.116610177950936,0.273719740414758,0.398620981186541
READ (n=166),Macrophage M2_QUANTISEQ,0.0133977816939741,0.900261174768695,0.932842867267183
READ (n=166),Macrophage M2_TIDE,-0.122352889841789,0.151318439063961,0.255749474474301
READ (n=166),Macrophage M2_XCELL,0.0147516873322829,0.890241965643907,0.926410575660239
READ (n=166),Macrophage_EPIC,0.107417132307107,0.313587471709617,0.443755856192854
READ (n=166),Macrophage_TIMER,0.17396342500395,0.101042194890036,0.180023907661156
READ (n=166),Macrophage_XCELL,0.109230391649752,0.305440755826254,0.436343936894648
READ (n=166),Macrophage/Monocyte_MCPCOUNTER,0.147927319218454,0.164100222855377,0.272742752668216
SARC (n=260),Macrophage M0_CIBERSORT,-0.324110105923099,2.25249755288652e-07,1.51853767610327e-06
SARC (n=260),Macrophage M0_CIBERSORT-ABS,-0.28394313618481,6.61737940272412e-06,3.57696183931034e-05
SARC (n=260),Macrophage M1_CIBERSORT,0.2456351245705,0.000105838049922443,0.000449452300206771
SARC (n=260),Macrophage M1_CIBERSORT-ABS,0.255872452108981,5.2579831762659e-05,0.000238999235284814
SARC (n=260),Macrophage M1_QUANTISEQ,0.205702124250141,0.00123230518567691,0.0040849895657798
SARC (n=260),Macrophage M1_XCELL,0.00915926693682425,0.886810960975078,0.925367959278343
SARC (n=260),Macrophage M2_CIBERSORT,0.0324141965096299,0.614360921387683,0.722777554573745
SARC (n=260),Macrophage M2_CIBERSORT-ABS,0.226494916758993,0.000362121882200354,0.00134995856639199
SARC (n=260),Macrophage M2_QUANTISEQ,0.0278007896205434,0.665657259908295,0.765921295909123
SARC (n=260),Macrophage M2_TIDE,-0.325619607526126,1.9640893020068e-07,1.35454434621159e-06
SARC (n=260),Macrophage M2_XCELL,0.142798347282427,0.0257095789198865,0.0597897184183407
SARC (n=260),Macrophage_EPIC,0.168490369902798,0.00835762929320653,0.0230026494308437
SARC (n=260),Macrophage_TIMER,0.0072999211939892,0.909678255259812,0.933003338728012
SARC (n=260),Macrophage_XCELL,0.0228053195097179,0.72300367944311,0.812363684767539
SARC (n=260),Macrophage/Monocyte_MCPCOUNTER,0.169559806427805,0.00794837426938441,0.0223897866743223
SKCM (n=471),Macrophage M0_CIBERSORT,-0.224463997564437,1.2512690809302e-06,7.82043175581374e-06
SKCM (n=471),Macrophage M0_CIBERSORT-ABS,-0.0404582077450627,0.388202151419571,0.521129534824866
SKCM (n=471),Macrophage M1_CIBERSORT,0.320742556049151,2.15067267522663e-12,2.69377090344661e-11
SKCM (n=471),Macrophage M1_CIBERSORT-ABS,0.448884114853063,4.83944414656598e-24,3.62958310992448e-22
SKCM (n=471),Macrophage M1_QUANTISEQ,0.353749994092722,6.43754122866628e-15,1.4305647174814e-13
SKCM (n=471),Macrophage M1_XCELL,0.131429250837008,0.00489051061204415,0.0145262691446856
SKCM (n=471),Macrophage M2_CIBERSORT,0.0142723597499678,0.760908403389355,0.833111390572286
SKCM (n=471),Macrophage M2_CIBERSORT-ABS,0.390691431901798,4.0852772985051e-18,1.44186257594298e-16
SKCM (n=471),Macrophage M2_QUANTISEQ,0.0217379440793903,0.64301585894883,0.750602169979179
SKCM (n=471),Macrophage M2_TIDE,-0.460293883412023,2.41073656745925e-25,2.41073656745925e-23
SKCM (n=471),Macrophage M2_XCELL,-0.0973421192468315,0.0375090179080579,0.0806645546409848
SKCM (n=471),Macrophage_EPIC,0.165262200692168,0.000388684134984283,0.0014133968544883
SKCM (n=471),Macrophage_TIMER,0.00370504752536149,0.937041989694801,0.954541924986215
SKCM (n=471),Macrophage_XCELL,0.166925663110722,0.000338545576871369,0.00127753047875988
SKCM (n=471),Macrophage/Monocyte_MCPCOUNTER,0.386743792390358,9.39103908605806e-18,3.13034636201935e-16
SKCM-Metastasis (n=368),Macrophage M0_CIBERSORT,-0.271604013969008,2.10284700220798e-07,1.43375931968726e-06
SKCM-Metastasis (n=368),Macrophage M0_CIBERSORT-ABS,-0.0999722407059414,0.0602412625800992,0.119289628871484
SKCM-Metastasis (n=368),Macrophage M1_CIBERSORT,0.306436722608813,3.92283073897404e-09,3.18067357214112e-08
SKCM-Metastasis (n=368),Macrophage M1_CIBERSORT-ABS,0.432754752858989,1.37046164975061e-17,4.32777363079141e-16
SKCM-Metastasis (n=368),Macrophage M1_QUANTISEQ,0.320122845822185,7.05951313234337e-10,6.61829356157191e-09
SKCM-Metastasis (n=368),Macrophage M1_XCELL,0.108573884387401,0.0411892947645195,0.0873271267092285
SKCM-Metastasis (n=368),Macrophage M2_CIBERSORT,0.00731616418931128,0.89089817025993,0.926410575660239
SKCM-Metastasis (n=368),Macrophage M2_CIBERSORT-ABS,0.354050540624771,6.82023239625705e-12,8.02380281912594e-11
SKCM-Metastasis (n=368),Macrophage M2_QUANTISEQ,0.0212257749976679,0.69063538364495,0.787797015564582
SKCM-Metastasis (n=368),Macrophage M2_TIDE,-0.444917339354354,1.30185024958608e-18,4.88193843594778e-17
SKCM-Metastasis (n=368),Macrophage M2_XCELL,-0.104196480410469,0.0501307919756751,0.102307738725868
SKCM-Metastasis (n=368),Macrophage_EPIC,0.129815737399979,0.0145181457815053,0.0370676062506518
SKCM-Metastasis (n=368),Macrophage_TIMER,-0.0488856024127896,0.359104678085356,0.491924216555283
SKCM-Metastasis (n=368),Macrophage_XCELL,0.133810078441157,0.0117334869597233,0.0307427605931614
SKCM-Metastasis (n=368),Macrophage/Monocyte_MCPCOUNTER,0.351300383946065,1.01479813015914e-11,1.10705250562815e-10
SKCM-Primary (n=103),Macrophage M0_CIBERSORT,-0.189958046145516,0.0558392603558568,0.112428040984947
SKCM-Primary (n=103),Macrophage M0_CIBERSORT-ABS,-0.0359808073367125,0.719575614118732,0.810028833904764
SKCM-Primary (n=103),Macrophage M1_CIBERSORT,0.337958000909999,0.000512865754433761,0.00182065009987783
SKCM-Primary (n=103),Macrophage M1_CIBERSORT-ABS,0.405620350286916,2.34352734201922e-05,0.000115255443050126
SKCM-Primary (n=103),Macrophage M1_QUANTISEQ,0.312356248859953,0.00139283560624573,0.00454185523775781
SKCM-Primary (n=103),Macrophage M1_XCELL,-0.0988793769766886,0.322785151311019,0.454068555145804
SKCM-Primary (n=103),Macrophage M2_CIBERSORT,0.0719580313495515,0.472315800149843,0.606829721819927
SKCM-Primary (n=103),Macrophage M2_CIBERSORT-ABS,0.357630571664548,0.000224074708131353,0.000902314260931624
SKCM-Primary (n=103),Macrophage M2_QUANTISEQ,-0.191519977921885,0.0538167890326423,0.10872078592453
SKCM-Primary (n=103),Macrophage M2_TIDE,-0.396197320351151,3.75455698582004e-05,0.000175994858710314
SKCM-Primary (n=103),Macrophage M2_XCELL,-0.304038951818833,0.0018919277516139,0.00594322853910126
SKCM-Primary (n=103),Macrophage_EPIC,0.0775166450903125,0.438695871588688,0.57097076562519
SKCM-Primary (n=103),Macrophage_TIMER,0.0586142174058699,0.558425201565548,0.676342086825851
SKCM-Primary (n=103),Macrophage_XCELL,-0.0668223862701346,0.504579294702152,0.63072411837769
SKCM-Primary (n=103),Macrophage/Monocyte_MCPCOUNTER,0.308324462143082,0.00161752050312747,0.0051622994780664
STAD (n=415),Macrophage M0_CIBERSORT,-0.114271086933448,0.026110532893417,0.060024213548085
STAD (n=415),Macrophage M0_CIBERSORT-ABS,0.0124380294316138,0.809282242066809,0.866217847528145
STAD (n=415),Macrophage M1_CIBERSORT,0.230894488789921,5.5801643730263e-06,3.15858360737338e-05
STAD (n=415),Macrophage M1_CIBERSORT-ABS,0.319106667426646,2.03299484521359e-10,1.96741436633574e-09
STAD (n=415),Macrophage M1_QUANTISEQ,0.368257102670696,1.28760318949262e-13,2.14600531582104e-12
STAD (n=415),Macrophage M1_XCELL,0.250501904947533,7.82749136921291e-07,4.99627108673164e-06
STAD (n=415),Macrophage M2_CIBERSORT,0.041396544748881,0.421635419367088,0.554783446535643
STAD (n=415),Macrophage M2_CIBERSORT-ABS,0.23671332639587,3.17008218307629e-06,1.92126192913715e-05
STAD (n=415),Macrophage M2_QUANTISEQ,0.0709601101423691,0.168011589729163,0.276183435171227
STAD (n=415),Macrophage M2_TIDE,-0.460969472812075,2.45264582682588e-21,1.13199038161194e-19
STAD (n=415),Macrophage M2_XCELL,0.114390093151017,0.0259542321372239,0.060024213548085
STAD (n=415),Macrophage_EPIC,0.227730773284925,7.54258066602518e-06,4.04066821394206e-05
STAD (n=415),Macrophage_TIMER,0.0870808639097114,0.0904743371082052,0.164998791078794
STAD (n=415),Macrophage_XCELL,0.284165738673302,1.79864582138324e-08,1.40154219848045e-07
STAD (n=415),Macrophage/Monocyte_MCPCOUNTER,0.341352263208136,8.51021397322304e-12,9.8194776614112e-11
TGCT (n=150),Macrophage M0_CIBERSORT,-0.0450167647551973,0.58822195006411,0.698877564432606
TGCT (n=150),Macrophage M0_CIBERSORT-ABS,0.167872798131741,0.0421110728310582,0.0886548901706488
TGCT (n=150),Macrophage M1_CIBERSORT,-0.172661482528553,0.0365037756431755,0.079069550129622
TGCT (n=150),Macrophage M1_CIBERSORT-ABS,0.156216373211322,0.0588287360282058,0.116878283499747
TGCT (n=150),Macrophage M1_QUANTISEQ,0.0991601627261479,0.232111602531243,0.356181487260219
TGCT (n=150),Macrophage M1_XCELL,-0.160910346899309,0.0515364024094408,0.104672558182463
TGCT (n=150),Macrophage M2_CIBERSORT,-0.353986798426781,1.09001799047887e-05,5.58983584860958e-05
TGCT (n=150),Macrophage M2_CIBERSORT-ABS,-0.0438026845879056,0.598333502170765,0.707446329953444
TGCT (n=150),Macrophage M2_QUANTISEQ,0.244643332168043,0.00282341636478618,0.00864311132077402
TGCT (n=150),Macrophage M2_TIDE,-0.0372905518953677,0.65384994978495,0.761766931788291
TGCT (n=150),Macrophage M2_XCELL,-0.107686948289371,0.194195393031867,0.308246655606138
TGCT (n=150),Macrophage_EPIC,0.112725354501789,0.174022473594122,0.285282743596922
TGCT (n=150),Macrophage_TIMER,0.110230476063988,0.183808929204817,0.296466014846479
TGCT (n=150),Macrophage_XCELL,-0.116963487483686,0.158289397573193,0.265289493139429
TGCT (n=150),Macrophage/Monocyte_MCPCOUNTER,0.302289212745331,0.000198264448180101,0.000809242645633064
THCA (n=509),Macrophage M0_CIBERSORT,0.102138414457927,0.0240437807112104,0.0567963323886859
THCA (n=509),Macrophage M0_CIBERSORT-ABS,0.174538501314051,0.000106370377715603,0.000449452300206771
THCA (n=509),Macrophage M1_CIBERSORT,0.109048900367969,0.0159533048790079,0.0402184156613645
THCA (n=509),Macrophage M1_CIBERSORT-ABS,0.18284921062269,4.84008411896493e-05,0.000221683242089997
THCA (n=509),Macrophage M1_QUANTISEQ,0.354392103046217,6.90626821623742e-16,1.72656705405935e-14
THCA (n=509),Macrophage M1_XCELL,-0.0224521421973266,0.620759338084741,0.728875935128854
THCA (n=509),Macrophage M2_CIBERSORT,0.101857492700208,0.0244368659129826,0.0574985080305474
THCA (n=509),Macrophage M2_CIBERSORT-ABS,0.388123924268388,5.41792502401534e-19,2.16717000960614e-17
THCA (n=509),Macrophage M2_QUANTISEQ,0.0732233283481494,0.106185739188516,0.186837077751055
THCA (n=509),Macrophage M2_TIDE,-0.317607411064712,6.71811835903264e-13,9.83139272053557e-12
THCA (n=509),Macrophage M2_XCELL,-0.128733997009225,0.00439403842361094,0.0131165326077939
THCA (n=509),Macrophage_EPIC,0.310850851612243,2.15501672275729e-12,2.69377090344661e-11
THCA (n=509),Macrophage_TIMER,0.299107462570171,1.52403372232015e-11,1.60424602349489e-10
THCA (n=509),Macrophage_XCELL,0.0634141245613651,0.161909167366278,0.270600279720798
THCA (n=509),Macrophage/Monocyte_MCPCOUNTER,-0.101079340347017,0.0255548271675442,0.0596610750993249
THYM (n=120),Macrophage M0_CIBERSORT,-0.244232835584173,0.00852708336681876,0.0233618722378596
THYM (n=120),Macrophage M0_CIBERSORT-ABS,-0.206660363595706,0.0266946255981854,0.0609002865357842
THYM (n=120),Macrophage M1_CIBERSORT,0.206690217882062,0.026672221734511,0.0609002865357842
THYM (n=120),Macrophage M1_CIBERSORT-ABS,0.326512118340948,0.000368988674813812,0.00134995856639199
THYM (n=120),Macrophage M1_QUANTISEQ,0.0670475149466966,0.476494769332449,0.610683684793044
THYM (n=120),Macrophage M1_XCELL,0.0618523068328969,0.511389749761807,0.637658435042123
THYM (n=120),Macrophage M2_CIBERSORT,0.0856202316206726,0.362919332055154,0.494889998257028
THYM (n=120),Macrophage M2_CIBERSORT-ABS,0.218837764356797,0.0187889215232039,0.045826637861473
THYM (n=120),Macrophage M2_QUANTISEQ,0.320884609727973,0.000471496062517133,0.00169399782940287
THYM (n=120),Macrophage M2_TIDE,-0.23920222320582,0.0100348629993442,0.027243971943921
THYM (n=120),Macrophage M2_XCELL,0.20211426636766,0.0302986403392947,0.0683427977578076
THYM (n=120),Macrophage_EPIC,0.0975684989990574,0.299571447724862,0.431038054280377
THYM (n=120),Macrophage_TIMER,0.232517123448484,0.0123982668744448,0.0322032905829736
THYM (n=120),Macrophage_XCELL,0.0314861808723286,0.73834491825103,0.817001209770296
THYM (n=120),Macrophage/Monocyte_MCPCOUNTER,0.408396429832399,5.8731621418378e-06,3.29336194869409e-05
UCEC (n=545),Macrophage M0_CIBERSORT,0.0588042931680888,0.586292111248135,0.698877564432606
UCEC (n=545),Macrophage M0_CIBERSORT-ABS,0.141409886864371,0.188782319609872,0.302051711375795
UCEC (n=545),Macrophage M1_CIBERSORT,0.175918571783441,0.101113428136349,0.180023907661156
UCEC (n=545),Macrophage M1_CIBERSORT-ABS,0.196799075679651,0.0660979456726562,0.12876223182985
UCEC (n=545),Macrophage M1_QUANTISEQ,0.0431692547063413,0.689628336767897,0.787797015564582
UCEC (n=545),Macrophage M1_XCELL,-0.0662223237110503,0.539868698620824,0.661063712596928
UCEC (n=545),Macrophage M2_CIBERSORT,-0.0791828703138153,0.463355371793338,0.597877899088178
UCEC (n=545),Macrophage M2_CIBERSORT-ABS,0.148288807907779,0.167950672100035,0.276183435171227
UCEC (n=545),Macrophage M2_QUANTISEQ,0.159729840011988,0.137137271997609,0.235526145791508
UCEC (n=545),Macrophage M2_TIDE,-0.328617241197087,8.32317021646026e-09,6.57092385510021e-08
UCEC (n=545),Macrophage M2_XCELL,0.00662286771793346,0.951167800559501,0.964021419485981
UCEC (n=545),Macrophage_EPIC,0.0361840557515356,0.737856824951925,0.817001209770296
UCEC (n=545),Macrophage_TIMER,-0.1060500150977,0.325415797854493,0.454068555145804
UCEC (n=545),Macrophage_XCELL,0.0244962976134109,0.820778387442412,0.876275858479443
UCEC (n=545),Macrophage/Monocyte_MCPCOUNTER,0.1941396648476,0.0699186288230392,0.135706619948739
UCS (n=57),Macrophage M0_CIBERSORT,0.275472677725114,0.045883600306766,0.0959239030803471
UCS (n=57),Macrophage M0_CIBERSORT-ABS,0.482559677388399,0.000252878351784197,0.000991679810918418
UCS (n=57),Macrophage M1_CIBERSORT,0.0338377648789187,0.809913687438816,0.866217847528145
UCS (n=57),Macrophage M1_CIBERSORT-ABS,0.0871650323870497,0.534848019476445,0.657600023946449
UCS (n=57),Macrophage M1_QUANTISEQ,0.0710435513486755,0.613199618015008,0.722777554573745
UCS (n=57),Macrophage M1_XCELL,0.188459614710961,0.1765556600645,0.288646855691281
UCS (n=57),Macrophage M2_CIBERSORT,0.0353964210948062,0.801331728783823,0.863193962783293
UCS (n=57),Macrophage M2_CIBERSORT-ABS,0.239678393160027,0.0838856688952603,0.156308699804833
UCS (n=57),Macrophage M2_QUANTISEQ,0.480247198724171,0.000273417314236384,0.00105838960349568
UCS (n=57),Macrophage M2_TIDE,-0.481843210682565,0.000259086583205537,0.00100942824625534
UCS (n=57),Macrophage M2_XCELL,0.0454485286678026,0.746583432853452,0.821926715068021
UCS (n=57),Macrophage_EPIC,0.12659058746784,0.366388469414809,0.49667526928848
UCS (n=57),Macrophage_TIMER,0.432532310493799,0.0012183880562441,0.00406129352081368
UCS (n=57),Macrophage_XCELL,0.27143720175685,0.0492921150835518,0.101285167979901
UCS (n=57),Macrophage/Monocyte_MCPCOUNTER,-0.10558607619883,0.451776918015177,0.584194290536867
UVM (n=80),Macrophage M0_CIBERSORT,-0.189461801213715,0.0988791530628551,0.177096990560338
UVM (n=80),Macrophage M0_CIBERSORT-ABS,-0.0608696360220543,0.598971226027249,0.707446329953444
UVM (n=80),Macrophage M1_CIBERSORT,0.197717574316499,0.084771586998863,0.156927496320429
UVM (n=80),Macrophage M1_CIBERSORT-ABS,0.272296633522006,0.0165854578966058,0.0412915964230849
UVM (n=80),Macrophage M1_QUANTISEQ,0.500608362654377,3.5442794767495e-06,2.08487028044088e-05
UVM (n=80),Macrophage M1_XCELL,0.0494456171652519,0.669344257499193,0.767890161566952
UVM (n=80),Macrophage M2_CIBERSORT,-0.177169068925549,0.123208343684054,0.215286750801882
UVM (n=80),Macrophage M2_CIBERSORT-ABS,0.461542244078284,2.39073795177999e-05,0.000115680868634516
UVM (n=80),Macrophage M2_QUANTISEQ,0.0248411547742128,0.830197752904084,0.881625932287523
UVM (n=80),Macrophage M2_TIDE,-0.269287801284253,0.0178715553369058,0.0441272971281625
UVM (n=80),Macrophage M2_XCELL,-0.0779965176448161,0.500152180653965,0.629122239816308
UVM (n=80),Macrophage_EPIC,0.141610244407556,0.219258598115704,0.33905968780779
UVM (n=80),Macrophage_TIMER,0.153143031720241,0.183616052143926,0.296466014846479
UVM (n=80),Macrophage_XCELL,0.133930045035286,0.245540530169892,0.372476777104797
UVM (n=80),Macrophage/Monocyte_MCPCOUNTER,0.553992377533461,1.72659520510222e-07,1.20460130588527e-06
